{
    "board": [
        [
            "R",
            "R"
        ],
        [
            "B",
            "B"
        ]
    ],
    "turn": 0,
    "move": "",
    "loser": false,
    "lossReason": "",
    "losing": "Blue",
    "children": [
        {
            "board": [
                [
                    "B",
                    "R"
                ],
                [
                    "B",
                    "B"
                ]
            ],
            "turn": 1,
            "move": "D:0,0",
            "loser": false,
            "lossReason": "",
            "losing": "Red",
            "children": [
                {
                    "board": [
                        [
                            "B",
                            "R"
                        ],
                        [
                            "B",
                            "B"
                        ]
                    ],
                    "turn": 0,
                    "move": "D:0,0",
                    "loser": false,
                    "lossReason": "",
                    "losing": "Red",
                    "children": [
                        {
                            "board": [
                                [
                                    "B",
                                    "R"
                                ],
                                [
                                    "B",
                                    "B"
                                ]
                            ],
                            "turn": 1,
                            "move": "D:0,0",
                            "loser": "Red",
                            "lossReason": "played into a repeated state",
                            "losing": "Red",
                            "children": []
                        },
                        {
                            "board": [
                                [
                                    "B",
                                    "B"
                                ],
                                [
                                    "B",
                                    "B"
                                ]
                            ],
                            "turn": 1,
                            "move": "D:1,0",
                            "loser": "Red",
                            "lossReason": "were eliminated",
                            "losing": "Red",
                            "children": []
                        },
                        {
                            "board": [
                                [
                                    "B",
                                    "R"
                                ],
                                [
                                    "B",
                                    "B"
                                ]
                            ],
                            "turn": 1,
                            "move": "D:0,1",
                            "loser": "Red",
                            "lossReason": "played into a repeated state",
                            "losing": "Red",
                            "children": []
                        },
                        {
                            "board": [
                                [
                                    "B",
                                    "R"
                                ],
                                [
                                    "B",
                                    "B"
                                ]
                            ],
                            "turn": 1,
                            "move": "D:1,1",
                            "loser": "Red",
                            "lossReason": "played into a repeated state",
                            "losing": "Red",
                            "children": []
                        }
                    ]
                },
                {
                    "board": [
                        [
                            "B",
                            "B"
                        ],
                        [
                            "B",
                            "B"
                        ]
                    ],
                    "turn": 0,
                    "move": "D:1,0",
                    "loser": "Red",
                    "lossReason": "were eliminated",
                    "losing": "Red",
                    "children": []
                },
                {
                    "board": [
                        [
                            "B",
                            "R"
                        ],
                        [
                            "B",
                            "B"
                        ]
                    ],
                    "turn": 0,
                    "move": "D:0,1",
                    "loser": false,
                    "lossReason": "",
                    "losing": "Red",
                    "children": [
                        {
                            "board": [
                                [
                                    "B",
                                    "R"
                                ],
                                [
                                    "B",
                                    "B"
                                ]
                            ],
                            "turn": 1,
                            "move": "D:0,0",
                            "loser": "Red",
                            "lossReason": "played into a repeated state",
                            "losing": "Red",
                            "children": []
                        },
                        {
                            "board": [
                                [
                                    "B",
                                    "B"
                                ],
                                [
                                    "B",
                                    "B"
                                ]
                            ],
                            "turn": 1,
                            "move": "D:1,0",
                            "loser": "Red",
                            "lossReason": "were eliminated",
                            "losing": "Red",
                            "children": []
                        },
                        {
                            "board": [
                                [
                                    "B",
                                    "R"
                                ],
                                [
                                    "B",
                                    "B"
                                ]
                            ],
                            "turn": 1,
                            "move": "D:0,1",
                            "loser": "Red",
                            "lossReason": "played into a repeated state",
                            "losing": "Red",
                            "children": []
                        },
                        {
                            "board": [
                                [
                                    "B",
                                    "R"
                                ],
                                [
                                    "B",
                                    "B"
                                ]
                            ],
                            "turn": 1,
                            "move": "D:1,1",
                            "loser": "Red",
                            "lossReason": "played into a repeated state",
                            "losing": "Red",
                            "children": []
                        }
                    ]
                },
                {
                    "board": [
                        [
                            "B",
                            "R"
                        ],
                        [
                            "B",
                            "B"
                        ]
                    ],
                    "turn": 0,
                    "move": "D:1,1",
                    "loser": false,
                    "lossReason": "",
                    "losing": "Red",
                    "children": [
                        {
                            "board": [
                                [
                                    "B",
                                    "R"
                                ],
                                [
                                    "B",
                                    "B"
                                ]
                            ],
                            "turn": 1,
                            "move": "D:0,0",
                            "loser": "Red",
                            "lossReason": "played into a repeated state",
                            "losing": "Red",
                            "children": []
                        },
                        {
                            "board": [
                                [
                                    "B",
                                    "B"
                                ],
                                [
                                    "B",
                                    "B"
                                ]
                            ],
                            "turn": 1,
                            "move": "D:1,0",
                            "loser": "Red",
                            "lossReason": "were eliminated",
                            "losing": "Red",
                            "children": []
                        },
                        {
                            "board": [
                                [
                                    "B",
                                    "R"
                                ],
                                [
                                    "B",
                                    "B"
                                ]
                            ],
                            "turn": 1,
                            "move": "D:0,1",
                            "loser": "Red",
                            "lossReason": "played into a repeated state",
                            "losing": "Red",
                            "children": []
                        },
                        {
                            "board": [
                                [
                                    "B",
                                    "R"
                                ],
                                [
                                    "B",
                                    "B"
                                ]
                            ],
                            "turn": 1,
                            "move": "D:1,1",
                            "loser": "Red",
                            "lossReason": "played into a repeated state",
                            "losing": "Red",
                            "children": []
                        }
                    ]
                }
            ]
        },
        {
            "board": [
                [
                    "R",
                    "B"
                ],
                [
                    "B",
                    "B"
                ]
            ],
            "turn": 1,
            "move": "D:1,0",
            "loser": false,
            "lossReason": "",
            "losing": "Red",
            "children": [
                {
                    "board": [
                        [
                            "B",
                            "B"
                        ],
                        [
                            "B",
                            "B"
                        ]
                    ],
                    "turn": 0,
                    "move": "D:0,0",
                    "loser": "Red",
                    "lossReason": "were eliminated",
                    "losing": "Red",
                    "children": []
                },
                {
                    "board": [
                        [
                            "R",
                            "B"
                        ],
                        [
                            "B",
                            "B"
                        ]
                    ],
                    "turn": 0,
                    "move": "D:1,0",
                    "loser": false,
                    "lossReason": "",
                    "losing": "Red",
                    "children": [
                        {
                            "board": [
                                [
                                    "B",
                                    "B"
                                ],
                                [
                                    "B",
                                    "B"
                                ]
                            ],
                            "turn": 1,
                            "move": "D:0,0",
                            "loser": "Red",
                            "lossReason": "were eliminated",
                            "losing": "Red",
                            "children": []
                        },
                        {
                            "board": [
                                [
                                    "R",
                                    "B"
                                ],
                                [
                                    "B",
                                    "B"
                                ]
                            ],
                            "turn": 1,
                            "move": "D:1,0",
                            "loser": "Red",
                            "lossReason": "played into a repeated state",
                            "losing": "Red",
                            "children": []
                        },
                        {
                            "board": [
                                [
                                    "R",
                                    "B"
                                ],
                                [
                                    "B",
                                    "B"
                                ]
                            ],
                            "turn": 1,
                            "move": "D:0,1",
                            "loser": "Red",
                            "lossReason": "played into a repeated state",
                            "losing": "Red",
                            "children": []
                        },
                        {
                            "board": [
                                [
                                    "R",
                                    "B"
                                ],
                                [
                                    "B",
                                    "B"
                                ]
                            ],
                            "turn": 1,
                            "move": "D:1,1",
                            "loser": "Red",
                            "lossReason": "played into a repeated state",
                            "losing": "Red",
                            "children": []
                        }
                    ]
                },
                {
                    "board": [
                        [
                            "R",
                            "B"
                        ],
                        [
                            "B",
                            "B"
                        ]
                    ],
                    "turn": 0,
                    "move": "D:0,1",
                    "loser": false,
                    "lossReason": "",
                    "losing": "Red",
                    "children": [
                        {
                            "board": [
                                [
                                    "B",
                                    "B"
                                ],
                                [
                                    "B",
                                    "B"
                                ]
                            ],
                            "turn": 1,
                            "move": "D:0,0",
                            "loser": "Red",
                            "lossReason": "were eliminated",
                            "losing": "Red",
                            "children": []
                        },
                        {
                            "board": [
                                [
                                    "R",
                                    "B"
                                ],
                                [
                                    "B",
                                    "B"
                                ]
                            ],
                            "turn": 1,
                            "move": "D:1,0",
                            "loser": "Red",
                            "lossReason": "played into a repeated state",
                            "losing": "Red",
                            "children": []
                        },
                        {
                            "board": [
                                [
                                    "R",
                                    "B"
                                ],
                                [
                                    "B",
                                    "B"
                                ]
                            ],
                            "turn": 1,
                            "move": "D:0,1",
                            "loser": "Red",
                            "lossReason": "played into a repeated state",
                            "losing": "Red",
                            "children": []
                        },
                        {
                            "board": [
                                [
                                    "R",
                                    "B"
                                ],
                                [
                                    "B",
                                    "B"
                                ]
                            ],
                            "turn": 1,
                            "move": "D:1,1",
                            "loser": "Red",
                            "lossReason": "played into a repeated state",
                            "losing": "Red",
                            "children": []
                        }
                    ]
                },
                {
                    "board": [
                        [
                            "R",
                            "B"
                        ],
                        [
                            "B",
                            "B"
                        ]
                    ],
                    "turn": 0,
                    "move": "D:1,1",
                    "loser": false,
                    "lossReason": "",
                    "losing": "Red",
                    "children": [
                        {
                            "board": [
                                [
                                    "B",
                                    "B"
                                ],
                                [
                                    "B",
                                    "B"
                                ]
                            ],
                            "turn": 1,
                            "move": "D:0,0",
                            "loser": "Red",
                            "lossReason": "were eliminated",
                            "losing": "Red",
                            "children": []
                        },
                        {
                            "board": [
                                [
                                    "R",
                                    "B"
                                ],
                                [
                                    "B",
                                    "B"
                                ]
                            ],
                            "turn": 1,
                            "move": "D:1,0",
                            "loser": "Red",
                            "lossReason": "played into a repeated state",
                            "losing": "Red",
                            "children": []
                        },
                        {
                            "board": [
                                [
                                    "R",
                                    "B"
                                ],
                                [
                                    "B",
                                    "B"
                                ]
                            ],
                            "turn": 1,
                            "move": "D:0,1",
                            "loser": "Red",
                            "lossReason": "played into a repeated state",
                            "losing": "Red",
                            "children": []
                        },
                        {
                            "board": [
                                [
                                    "R",
                                    "B"
                                ],
                                [
                                    "B",
                                    "B"
                                ]
                            ],
                            "turn": 1,
                            "move": "D:1,1",
                            "loser": "Red",
                            "lossReason": "played into a repeated state",
                            "losing": "Red",
                            "children": []
                        }
                    ]
                }
            ]
        },
        {
            "board": [
                [
                    "R",
                    "R"
                ],
                [
                    "R",
                    "B"
                ]
            ],
            "turn": 1,
            "move": "D:0,1",
            "loser": false,
            "lossReason": "",
            "losing": "Blue",
            "children": [
                {
                    "board": [
                        [
                            "R",
                            "R"
                        ],
                        [
                            "R",
                            "B"
                        ]
                    ],
                    "turn": 0,
                    "move": "D:0,0",
                    "loser": false,
                    "lossReason": "",
                    "losing": "Blue",
                    "children": [
                        {
                            "board": [
                                [
                                    "R",
                                    "R"
                                ],
                                [
                                    "R",
                                    "B"
                                ]
                            ],
                            "turn": 1,
                            "move": "D:0,0",
                            "loser": "Red",
                            "lossReason": "played into a repeated state",
                            "losing": "Red",
                            "children": []
                        },
                        {
                            "board": [
                                [
                                    "R",
                                    "R"
                                ],
                                [
                                    "R",
                                    "B"
                                ]
                            ],
                            "turn": 1,
                            "move": "D:1,0",
                            "loser": "Red",
                            "lossReason": "played into a repeated state",
                            "losing": "Red",
                            "children": []
                        },
                        {
                            "board": [
                                [
                                    "R",
                                    "R"
                                ],
                                [
                                    "R",
                                    "B"
                                ]
                            ],
                            "turn": 1,
                            "move": "D:0,1",
                            "loser": "Red",
                            "lossReason": "played into a repeated state",
                            "losing": "Red",
                            "children": []
                        },
                        {
                            "board": [
                                [
                                    "R",
                                    "R"
                                ],
                                [
                                    "R",
                                    "R"
                                ]
                            ],
                            "turn": 1,
                            "move": "D:1,1",
                            "loser": "Blue",
                            "lossReason": "were eliminated",
                            "losing": "Blue",
                            "children": []
                        }
                    ]
                },
                {
                    "board": [
                        [
                            "R",
                            "R"
                        ],
                        [
                            "R",
                            "B"
                        ]
                    ],
                    "turn": 0,
                    "move": "D:1,0",
                    "loser": false,
                    "lossReason": "",
                    "losing": "Blue",
                    "children": [
                        {
                            "board": [
                                [
                                    "R",
                                    "R"
                                ],
                                [
                                    "R",
                                    "B"
                                ]
                            ],
                            "turn": 1,
                            "move": "D:0,0",
                            "loser": "Red",
                            "lossReason": "played into a repeated state",
                            "losing": "Red",
                            "children": []
                        },
                        {
                            "board": [
                                [
                                    "R",
                                    "R"
                                ],
                                [
                                    "R",
                                    "B"
                                ]
                            ],
                            "turn": 1,
                            "move": "D:1,0",
                            "loser": "Red",
                            "lossReason": "played into a repeated state",
                            "losing": "Red",
                            "children": []
                        },
                        {
                            "board": [
                                [
                                    "R",
                                    "R"
                                ],
                                [
                                    "R",
                                    "B"
                                ]
                            ],
                            "turn": 1,
                            "move": "D:0,1",
                            "loser": "Red",
                            "lossReason": "played into a repeated state",
                            "losing": "Red",
                            "children": []
                        },
                        {
                            "board": [
                                [
                                    "R",
                                    "R"
                                ],
                                [
                                    "R",
                                    "R"
                                ]
                            ],
                            "turn": 1,
                            "move": "D:1,1",
                            "loser": "Blue",
                            "lossReason": "were eliminated",
                            "losing": "Blue",
                            "children": []
                        }
                    ]
                },
                {
                    "board": [
                        [
                            "R",
                            "R"
                        ],
                        [
                            "R",
                            "B"
                        ]
                    ],
                    "turn": 0,
                    "move": "D:0,1",
                    "loser": false,
                    "lossReason": "",
                    "losing": "Blue",
                    "children": [
                        {
                            "board": [
                                [
                                    "R",
                                    "R"
                                ],
                                [
                                    "R",
                                    "B"
                                ]
                            ],
                            "turn": 1,
                            "move": "D:0,0",
                            "loser": "Red",
                            "lossReason": "played into a repeated state",
                            "losing": "Red",
                            "children": []
                        },
                        {
                            "board": [
                                [
                                    "R",
                                    "R"
                                ],
                                [
                                    "R",
                                    "B"
                                ]
                            ],
                            "turn": 1,
                            "move": "D:1,0",
                            "loser": "Red",
                            "lossReason": "played into a repeated state",
                            "losing": "Red",
                            "children": []
                        },
                        {
                            "board": [
                                [
                                    "R",
                                    "R"
                                ],
                                [
                                    "R",
                                    "B"
                                ]
                            ],
                            "turn": 1,
                            "move": "D:0,1",
                            "loser": "Red",
                            "lossReason": "played into a repeated state",
                            "losing": "Red",
                            "children": []
                        },
                        {
                            "board": [
                                [
                                    "R",
                                    "R"
                                ],
                                [
                                    "R",
                                    "R"
                                ]
                            ],
                            "turn": 1,
                            "move": "D:1,1",
                            "loser": "Blue",
                            "lossReason": "were eliminated",
                            "losing": "Blue",
                            "children": []
                        }
                    ]
                },
                {
                    "board": [
                        [
                            "R",
                            "R"
                        ],
                        [
                            "R",
                            "R"
                        ]
                    ],
                    "turn": 0,
                    "move": "D:1,1",
                    "loser": "Blue",
                    "lossReason": "were eliminated",
                    "losing": "Blue",
                    "children": []
                }
            ]
        },
        {
            "board": [
                [
                    "R",
                    "R"
                ],
                [
                    "B",
                    "R"
                ]
            ],
            "turn": 1,
            "move": "D:1,1",
            "loser": false,
            "lossReason": "",
            "losing": "Blue",
            "children": [
                {
                    "board": [
                        [
                            "R",
                            "R"
                        ],
                        [
                            "B",
                            "R"
                        ]
                    ],
                    "turn": 0,
                    "move": "D:0,0",
                    "loser": false,
                    "lossReason": "",
                    "losing": "Blue",
                    "children": [
                        {
                            "board": [
                                [
                                    "R",
                                    "R"
                                ],
                                [
                                    "B",
                                    "R"
                                ]
                            ],
                            "turn": 1,
                            "move": "D:0,0",
                            "loser": "Red",
                            "lossReason": "played into a repeated state",
                            "losing": "Red",
                            "children": []
                        },
                        {
                            "board": [
                                [
                                    "R",
                                    "R"
                                ],
                                [
                                    "B",
                                    "R"
                                ]
                            ],
                            "turn": 1,
                            "move": "D:1,0",
                            "loser": "Red",
                            "lossReason": "played into a repeated state",
                            "losing": "Red",
                            "children": []
                        },
                        {
                            "board": [
                                [
                                    "R",
                                    "R"
                                ],
                                [
                                    "R",
                                    "R"
                                ]
                            ],
                            "turn": 1,
                            "move": "D:0,1",
                            "loser": "Blue",
                            "lossReason": "were eliminated",
                            "losing": "Blue",
                            "children": []
                        },
                        {
                            "board": [
                                [
                                    "R",
                                    "R"
                                ],
                                [
                                    "B",
                                    "R"
                                ]
                            ],
                            "turn": 1,
                            "move": "D:1,1",
                            "loser": "Red",
                            "lossReason": "played into a repeated state",
                            "losing": "Red",
                            "children": []
                        }
                    ]
                },
                {
                    "board": [
                        [
                            "R",
                            "R"
                        ],
                        [
                            "B",
                            "R"
                        ]
                    ],
                    "turn": 0,
                    "move": "D:1,0",
                    "loser": false,
                    "lossReason": "",
                    "losing": "Blue",
                    "children": [
                        {
                            "board": [
                                [
                                    "R",
                                    "R"
                                ],
                                [
                                    "B",
                                    "R"
                                ]
                            ],
                            "turn": 1,
                            "move": "D:0,0",
                            "loser": "Red",
                            "lossReason": "played into a repeated state",
                            "losing": "Red",
                            "children": []
                        },
                        {
                            "board": [
                                [
                                    "R",
                                    "R"
                                ],
                                [
                                    "B",
                                    "R"
                                ]
                            ],
                            "turn": 1,
                            "move": "D:1,0",
                            "loser": "Red",
                            "lossReason": "played into a repeated state",
                            "losing": "Red",
                            "children": []
                        },
                        {
                            "board": [
                                [
                                    "R",
                                    "R"
                                ],
                                [
                                    "R",
                                    "R"
                                ]
                            ],
                            "turn": 1,
                            "move": "D:0,1",
                            "loser": "Blue",
                            "lossReason": "were eliminated",
                            "losing": "Blue",
                            "children": []
                        },
                        {
                            "board": [
                                [
                                    "R",
                                    "R"
                                ],
                                [
                                    "B",
                                    "R"
                                ]
                            ],
                            "turn": 1,
                            "move": "D:1,1",
                            "loser": "Red",
                            "lossReason": "played into a repeated state",
                            "losing": "Red",
                            "children": []
                        }
                    ]
                },
                {
                    "board": [
                        [
                            "R",
                            "R"
                        ],
                        [
                            "R",
                            "R"
                        ]
                    ],
                    "turn": 0,
                    "move": "D:0,1",
                    "loser": "Blue",
                    "lossReason": "were eliminated",
                    "losing": "Blue",
                    "children": []
                },
                {
                    "board": [
                        [
                            "R",
                            "R"
                        ],
                        [
                            "B",
                            "R"
                        ]
                    ],
                    "turn": 0,
                    "move": "D:1,1",
                    "loser": false,
                    "lossReason": "",
                    "losing": "Blue",
                    "children": [
                        {
                            "board": [
                                [
                                    "R",
                                    "R"
                                ],
                                [
                                    "B",
                                    "R"
                                ]
                            ],
                            "turn": 1,
                            "move": "D:0,0",
                            "loser": "Red",
                            "lossReason": "played into a repeated state",
                            "losing": "Red",
                            "children": []
                        },
                        {
                            "board": [
                                [
                                    "R",
                                    "R"
                                ],
                                [
                                    "B",
                                    "R"
                                ]
                            ],
                            "turn": 1,
                            "move": "D:1,0",
                            "loser": "Red",
                            "lossReason": "played into a repeated state",
                            "losing": "Red",
                            "children": []
                        },
                        {
                            "board": [
                                [
                                    "R",
                                    "R"
                                ],
                                [
                                    "R",
                                    "R"
                                ]
                            ],
                            "turn": 1,
                            "move": "D:0,1",
                            "loser": "Blue",
                            "lossReason": "were eliminated",
                            "losing": "Blue",
                            "children": []
                        },
                        {
                            "board": [
                                [
                                    "R",
                                    "R"
                                ],
                                [
                                    "B",
                                    "R"
                                ]
                            ],
                            "turn": 1,
                            "move": "D:1,1",
                            "loser": "Red",
                            "lossReason": "played into a repeated state",
                            "losing": "Red",
                            "children": []
                        }
                    ]
                }
            ]
        }
    ]
}