{
    "board": [
        [
            " ",
            "R",
            " "
        ],
        [
            "B",
            " ",
            "B"
        ],
        [
            " ",
            "R",
            " "
        ]
    ],
    "turn": 0,
    "move": "",
    "loser": false,
    "lossReason": "",
    "losing": "Blue",
    "children": [
        {
            "board": [
                [
                    " ",
                    " ",
                    " "
                ],
                [
                    " ",
                    "B",
                    " "
                ],
                [
                    " ",
                    "R",
                    " "
                ]
            ],
            "turn": 1,
            "move": "D:1,0",
            "loser": false,
            "lossReason": "",
            "losing": "Blue",
            "children": [
                {
                    "board": [
                        [
                            " ",
                            " ",
                            " "
                        ],
                        [
                            " ",
                            " ",
                            " "
                        ],
                        [
                            " ",
                            " ",
                            " "
                        ]
                    ],
                    "turn": 0,
                    "move": "D:1,1",
                    "loser": "Blue",
                    "lossReason": "played into a tie",
                    "losing": "Blue",
                    "children": []
                },
                {
                    "board": [
                        [
                            " ",
                            " ",
                            " "
                        ],
                        [
                            " ",
                            " ",
                            " "
                        ],
                        [
                            " ",
                            " ",
                            " "
                        ]
                    ],
                    "turn": 0,
                    "move": "D:1,2",
                    "loser": "Blue",
                    "lossReason": "played into a tie",
                    "losing": "Blue",
                    "children": []
                }
            ]
        },
        {
            "board": [
                [
                    " ",
                    " ",
                    " "
                ],
                [
                    " ",
                    "R",
                    "B"
                ],
                [
                    " ",
                    " ",
                    " "
                ]
            ],
            "turn": 1,
            "move": "D:0,1",
            "loser": false,
            "lossReason": "",
            "losing": "Blue",
            "children": [
                {
                    "board": [
                        [
                            " ",
                            " ",
                            " "
                        ],
                        [
                            " ",
                            " ",
                            " "
                        ],
                        [
                            " ",
                            " ",
                            " "
                        ]
                    ],
                    "turn": 0,
                    "move": "D:1,1",
                    "loser": "Blue",
                    "lossReason": "played into a tie",
                    "losing": "Blue",
                    "children": []
                },
                {
                    "board": [
                        [
                            " ",
                            " ",
                            " "
                        ],
                        [
                            " ",
                            " ",
                            " "
                        ],
                        [
                            " ",
                            " ",
                            " "
                        ]
                    ],
                    "turn": 0,
                    "move": "D:2,1",
                    "loser": "Blue",
                    "lossReason": "played into a tie",
                    "losing": "Blue",
                    "children": []
                }
            ]
        },
        {
            "board": [
                [
                    " ",
                    " ",
                    " "
                ],
                [
                    "B",
                    "R",
                    " "
                ],
                [
                    " ",
                    " ",
                    " "
                ]
            ],
            "turn": 1,
            "move": "D:2,1",
            "loser": false,
            "lossReason": "",
            "losing": "Blue",
            "children": [
                {
                    "board": [
                        [
                            " ",
                            " ",
                            " "
                        ],
                        [
                            " ",
                            " ",
                            " "
                        ],
                        [
                            " ",
                            " ",
                            " "
                        ]
                    ],
                    "turn": 0,
                    "move": "D:0,1",
                    "loser": "Blue",
                    "lossReason": "played into a tie",
                    "losing": "Blue",
                    "children": []
                },
                {
                    "board": [
                        [
                            " ",
                            " ",
                            " "
                        ],
                        [
                            " ",
                            " ",
                            " "
                        ],
                        [
                            " ",
                            " ",
                            " "
                        ]
                    ],
                    "turn": 0,
                    "move": "D:1,1",
                    "loser": "Blue",
                    "lossReason": "played into a tie",
                    "losing": "Blue",
                    "children": []
                }
            ]
        },
        {
            "board": [
                [
                    " ",
                    "R",
                    " "
                ],
                [
                    " ",
                    "B",
                    " "
                ],
                [
                    " ",
                    " ",
                    " "
                ]
            ],
            "turn": 1,
            "move": "D:1,2",
            "loser": false,
            "lossReason": "",
            "losing": "Blue",
            "children": [
                {
                    "board": [
                        [
                            " ",
                            " ",
                            " "
                        ],
                        [
                            " ",
                            " ",
                            " "
                        ],
                        [
                            " ",
                            " ",
                            " "
                        ]
                    ],
                    "turn": 0,
                    "move": "D:1,0",
                    "loser": "Blue",
                    "lossReason": "played into a tie",
                    "losing": "Blue",
                    "children": []
                },
                {
                    "board": [
                        [
                            " ",
                            " ",
                            " "
                        ],
                        [
                            " ",
                            " ",
                            " "
                        ],
                        [
                            " ",
                            " ",
                            " "
                        ]
                    ],
                    "turn": 0,
                    "move": "D:1,1",
                    "loser": "Blue",
                    "lossReason": "played into a tie",
                    "losing": "Blue",
                    "children": []
                }
            ]
        },
        {
            "board": [
                [
                    " ",
                    "B",
                    " "
                ],
                [
                    " ",
                    "B",
                    " "
                ],
                [
                    " ",
                    " ",
                    " "
                ]
            ],
            "turn": 1,
            "move": "C:0,0-1,0;1,2",
            "loser": "Red",
            "lossReason": "were eliminated",
            "losing": "Red",
            "children": []
        },
        {
            "board": [
                [
                    " ",
                    "B",
                    " "
                ],
                [
                    " ",
                    "B",
                    " "
                ],
                [
                    " ",
                    " ",
                    " "
                ]
            ],
            "turn": 1,
            "move": "C:2,0-1,0;1,2",
            "loser": "Red",
            "lossReason": "were eliminated",
            "losing": "Red",
            "children": []
        },
        {
            "board": [
                [
                    " ",
                    "B",
                    " "
                ],
                [
                    " ",
                    "R",
                    " "
                ],
                [
                    " ",
                    "B",
                    " "
                ]
            ],
            "turn": 1,
            "move": "C:1,1-1,0;1,2",
            "loser": false,
            "lossReason": "",
            "losing": "Blue",
            "children": [
                {
                    "board": [
                        [
                            " ",
                            " ",
                            " "
                        ],
                        [
                            " ",
                            " ",
                            " "
                        ],
                        [
                            " ",
                            " ",
                            " "
                        ]
                    ],
                    "turn": 0,
                    "move": "D:1,0",
                    "loser": "Blue",
                    "lossReason": "played into a tie",
                    "losing": "Blue",
                    "children": []
                },
                {
                    "board": [
                        [
                            " ",
                            " ",
                            " "
                        ],
                        [
                            " ",
                            " ",
                            " "
                        ],
                        [
                            " ",
                            " ",
                            " "
                        ]
                    ],
                    "turn": 0,
                    "move": "D:1,1",
                    "loser": "Blue",
                    "lossReason": "played into a tie",
                    "losing": "Blue",
                    "children": []
                },
                {
                    "board": [
                        [
                            " ",
                            " ",
                            " "
                        ],
                        [
                            " ",
                            " ",
                            " "
                        ],
                        [
                            " ",
                            " ",
                            " "
                        ]
                    ],
                    "turn": 0,
                    "move": "D:1,2",
                    "loser": "Blue",
                    "lossReason": "played into a tie",
                    "losing": "Blue",
                    "children": []
                },
                {
                    "board": [
                        [
                            " ",
                            " ",
                            " "
                        ],
                        [
                            " ",
                            " ",
                            " "
                        ],
                        [
                            " ",
                            " ",
                            " "
                        ]
                    ],
                    "turn": 0,
                    "move": "C:0,0-1,0;1,2",
                    "loser": "Blue",
                    "lossReason": "played into a tie",
                    "losing": "Blue",
                    "children": []
                },
                {
                    "board": [
                        [
                            " ",
                            " ",
                            " "
                        ],
                        [
                            " ",
                            " ",
                            " "
                        ],
                        [
                            " ",
                            " ",
                            " "
                        ]
                    ],
                    "turn": 0,
                    "move": "C:2,0-1,0;1,2",
                    "loser": "Blue",
                    "lossReason": "played into a tie",
                    "losing": "Blue",
                    "children": []
                },
                {
                    "board": [
                        [
                            " ",
                            " ",
                            " "
                        ],
                        [
                            " ",
                            " ",
                            " "
                        ],
                        [
                            " ",
                            " ",
                            " "
                        ]
                    ],
                    "turn": 0,
                    "move": "C:0,1-1,0;1,2",
                    "loser": "Blue",
                    "lossReason": "played into a tie",
                    "losing": "Blue",
                    "children": []
                },
                {
                    "board": [
                        [
                            " ",
                            " ",
                            " "
                        ],
                        [
                            " ",
                            " ",
                            " "
                        ],
                        [
                            " ",
                            " ",
                            " "
                        ]
                    ],
                    "turn": 0,
                    "move": "C:2,1-1,0;1,2",
                    "loser": "Blue",
                    "lossReason": "played into a tie",
                    "losing": "Blue",
                    "children": []
                },
                {
                    "board": [
                        [
                            " ",
                            " ",
                            " "
                        ],
                        [
                            " ",
                            " ",
                            " "
                        ],
                        [
                            " ",
                            " ",
                            " "
                        ]
                    ],
                    "turn": 0,
                    "move": "C:0,2-1,0;1,2",
                    "loser": "Blue",
                    "lossReason": "played into a tie",
                    "losing": "Blue",
                    "children": []
                },
                {
                    "board": [
                        [
                            " ",
                            " ",
                            " "
                        ],
                        [
                            " ",
                            " ",
                            " "
                        ],
                        [
                            " ",
                            " ",
                            " "
                        ]
                    ],
                    "turn": 0,
                    "move": "C:2,2-1,0;1,2",
                    "loser": "Blue",
                    "lossReason": "played into a tie",
                    "losing": "Blue",
                    "children": []
                },
                {
                    "board": [
                        [
                            " ",
                            " ",
                            " "
                        ],
                        [
                            " ",
                            " ",
                            " "
                        ],
                        [
                            " ",
                            " ",
                            " "
                        ]
                    ],
                    "turn": 0,
                    "move": "C:0,0-1,2;1,0",
                    "loser": "Blue",
                    "lossReason": "played into a tie",
                    "losing": "Blue",
                    "children": []
                },
                {
                    "board": [
                        [
                            " ",
                            " ",
                            " "
                        ],
                        [
                            " ",
                            " ",
                            " "
                        ],
                        [
                            " ",
                            " ",
                            " "
                        ]
                    ],
                    "turn": 0,
                    "move": "C:2,0-1,2;1,0",
                    "loser": "Blue",
                    "lossReason": "played into a tie",
                    "losing": "Blue",
                    "children": []
                },
                {
                    "board": [
                        [
                            " ",
                            " ",
                            " "
                        ],
                        [
                            " ",
                            " ",
                            " "
                        ],
                        [
                            " ",
                            " ",
                            " "
                        ]
                    ],
                    "turn": 0,
                    "move": "C:0,1-1,2;1,0",
                    "loser": "Blue",
                    "lossReason": "played into a tie",
                    "losing": "Blue",
                    "children": []
                },
                {
                    "board": [
                        [
                            " ",
                            " ",
                            " "
                        ],
                        [
                            " ",
                            " ",
                            " "
                        ],
                        [
                            " ",
                            " ",
                            " "
                        ]
                    ],
                    "turn": 0,
                    "move": "C:2,1-1,2;1,0",
                    "loser": "Blue",
                    "lossReason": "played into a tie",
                    "losing": "Blue",
                    "children": []
                },
                {
                    "board": [
                        [
                            " ",
                            " ",
                            " "
                        ],
                        [
                            " ",
                            " ",
                            " "
                        ],
                        [
                            " ",
                            " ",
                            " "
                        ]
                    ],
                    "turn": 0,
                    "move": "C:0,2-1,2;1,0",
                    "loser": "Blue",
                    "lossReason": "played into a tie",
                    "losing": "Blue",
                    "children": []
                },
                {
                    "board": [
                        [
                            " ",
                            " ",
                            " "
                        ],
                        [
                            " ",
                            " ",
                            " "
                        ],
                        [
                            " ",
                            " ",
                            " "
                        ]
                    ],
                    "turn": 0,
                    "move": "C:2,2-1,2;1,0",
                    "loser": "Blue",
                    "lossReason": "played into a tie",
                    "losing": "Blue",
                    "children": []
                }
            ]
        },
        {
            "board": [
                [
                    " ",
                    " ",
                    " "
                ],
                [
                    " ",
                    "B",
                    " "
                ],
                [
                    " ",
                    "B",
                    " "
                ]
            ],
            "turn": 1,
            "move": "C:0,2-1,0;1,2",
            "loser": "Red",
            "lossReason": "were eliminated",
            "losing": "Red",
            "children": []
        },
        {
            "board": [
                [
                    " ",
                    " ",
                    " "
                ],
                [
                    " ",
                    "B",
                    " "
                ],
                [
                    " ",
                    "B",
                    " "
                ]
            ],
            "turn": 1,
            "move": "C:2,2-1,0;1,2",
            "loser": "Red",
            "lossReason": "were eliminated",
            "losing": "Red",
            "children": []
        },
        {
            "board": [
                [
                    " ",
                    "B",
                    " "
                ],
                [
                    " ",
                    "B",
                    " "
                ],
                [
                    " ",
                    " ",
                    " "
                ]
            ],
            "turn": 1,
            "move": "C:0,0-1,2;1,0",
            "loser": "Red",
            "lossReason": "were eliminated",
            "losing": "Red",
            "children": []
        },
        {
            "board": [
                [
                    " ",
                    "B",
                    " "
                ],
                [
                    " ",
                    "B",
                    " "
                ],
                [
                    " ",
                    " ",
                    " "
                ]
            ],
            "turn": 1,
            "move": "C:2,0-1,2;1,0",
            "loser": "Red",
            "lossReason": "were eliminated",
            "losing": "Red",
            "children": []
        },
        {
            "board": [
                [
                    " ",
                    "B",
                    " "
                ],
                [
                    " ",
                    "R",
                    " "
                ],
                [
                    " ",
                    "B",
                    " "
                ]
            ],
            "turn": 1,
            "move": "C:1,1-1,2;1,0",
            "loser": false,
            "lossReason": "",
            "losing": "Blue",
            "children": [
                {
                    "board": [
                        [
                            " ",
                            " ",
                            " "
                        ],
                        [
                            " ",
                            " ",
                            " "
                        ],
                        [
                            " ",
                            " ",
                            " "
                        ]
                    ],
                    "turn": 0,
                    "move": "D:1,0",
                    "loser": "Blue",
                    "lossReason": "played into a tie",
                    "losing": "Blue",
                    "children": []
                },
                {
                    "board": [
                        [
                            " ",
                            " ",
                            " "
                        ],
                        [
                            " ",
                            " ",
                            " "
                        ],
                        [
                            " ",
                            " ",
                            " "
                        ]
                    ],
                    "turn": 0,
                    "move": "D:1,1",
                    "loser": "Blue",
                    "lossReason": "played into a tie",
                    "losing": "Blue",
                    "children": []
                },
                {
                    "board": [
                        [
                            " ",
                            " ",
                            " "
                        ],
                        [
                            " ",
                            " ",
                            " "
                        ],
                        [
                            " ",
                            " ",
                            " "
                        ]
                    ],
                    "turn": 0,
                    "move": "D:1,2",
                    "loser": "Blue",
                    "lossReason": "played into a tie",
                    "losing": "Blue",
                    "children": []
                },
                {
                    "board": [
                        [
                            " ",
                            " ",
                            " "
                        ],
                        [
                            " ",
                            " ",
                            " "
                        ],
                        [
                            " ",
                            " ",
                            " "
                        ]
                    ],
                    "turn": 0,
                    "move": "C:0,0-1,0;1,2",
                    "loser": "Blue",
                    "lossReason": "played into a tie",
                    "losing": "Blue",
                    "children": []
                },
                {
                    "board": [
                        [
                            " ",
                            " ",
                            " "
                        ],
                        [
                            " ",
                            " ",
                            " "
                        ],
                        [
                            " ",
                            " ",
                            " "
                        ]
                    ],
                    "turn": 0,
                    "move": "C:2,0-1,0;1,2",
                    "loser": "Blue",
                    "lossReason": "played into a tie",
                    "losing": "Blue",
                    "children": []
                },
                {
                    "board": [
                        [
                            " ",
                            " ",
                            " "
                        ],
                        [
                            " ",
                            " ",
                            " "
                        ],
                        [
                            " ",
                            " ",
                            " "
                        ]
                    ],
                    "turn": 0,
                    "move": "C:0,1-1,0;1,2",
                    "loser": "Blue",
                    "lossReason": "played into a tie",
                    "losing": "Blue",
                    "children": []
                },
                {
                    "board": [
                        [
                            " ",
                            " ",
                            " "
                        ],
                        [
                            " ",
                            " ",
                            " "
                        ],
                        [
                            " ",
                            " ",
                            " "
                        ]
                    ],
                    "turn": 0,
                    "move": "C:2,1-1,0;1,2",
                    "loser": "Blue",
                    "lossReason": "played into a tie",
                    "losing": "Blue",
                    "children": []
                },
                {
                    "board": [
                        [
                            " ",
                            " ",
                            " "
                        ],
                        [
                            " ",
                            " ",
                            " "
                        ],
                        [
                            " ",
                            " ",
                            " "
                        ]
                    ],
                    "turn": 0,
                    "move": "C:0,2-1,0;1,2",
                    "loser": "Blue",
                    "lossReason": "played into a tie",
                    "losing": "Blue",
                    "children": []
                },
                {
                    "board": [
                        [
                            " ",
                            " ",
                            " "
                        ],
                        [
                            " ",
                            " ",
                            " "
                        ],
                        [
                            " ",
                            " ",
                            " "
                        ]
                    ],
                    "turn": 0,
                    "move": "C:2,2-1,0;1,2",
                    "loser": "Blue",
                    "lossReason": "played into a tie",
                    "losing": "Blue",
                    "children": []
                },
                {
                    "board": [
                        [
                            " ",
                            " ",
                            " "
                        ],
                        [
                            " ",
                            " ",
                            " "
                        ],
                        [
                            " ",
                            " ",
                            " "
                        ]
                    ],
                    "turn": 0,
                    "move": "C:0,0-1,2;1,0",
                    "loser": "Blue",
                    "lossReason": "played into a tie",
                    "losing": "Blue",
                    "children": []
                },
                {
                    "board": [
                        [
                            " ",
                            " ",
                            " "
                        ],
                        [
                            " ",
                            " ",
                            " "
                        ],
                        [
                            " ",
                            " ",
                            " "
                        ]
                    ],
                    "turn": 0,
                    "move": "C:2,0-1,2;1,0",
                    "loser": "Blue",
                    "lossReason": "played into a tie",
                    "losing": "Blue",
                    "children": []
                },
                {
                    "board": [
                        [
                            " ",
                            " ",
                            " "
                        ],
                        [
                            " ",
                            " ",
                            " "
                        ],
                        [
                            " ",
                            " ",
                            " "
                        ]
                    ],
                    "turn": 0,
                    "move": "C:0,1-1,2;1,0",
                    "loser": "Blue",
                    "lossReason": "played into a tie",
                    "losing": "Blue",
                    "children": []
                },
                {
                    "board": [
                        [
                            " ",
                            " ",
                            " "
                        ],
                        [
                            " ",
                            " ",
                            " "
                        ],
                        [
                            " ",
                            " ",
                            " "
                        ]
                    ],
                    "turn": 0,
                    "move": "C:2,1-1,2;1,0",
                    "loser": "Blue",
                    "lossReason": "played into a tie",
                    "losing": "Blue",
                    "children": []
                },
                {
                    "board": [
                        [
                            " ",
                            " ",
                            " "
                        ],
                        [
                            " ",
                            " ",
                            " "
                        ],
                        [
                            " ",
                            " ",
                            " "
                        ]
                    ],
                    "turn": 0,
                    "move": "C:0,2-1,2;1,0",
                    "loser": "Blue",
                    "lossReason": "played into a tie",
                    "losing": "Blue",
                    "children": []
                },
                {
                    "board": [
                        [
                            " ",
                            " ",
                            " "
                        ],
                        [
                            " ",
                            " ",
                            " "
                        ],
                        [
                            " ",
                            " ",
                            " "
                        ]
                    ],
                    "turn": 0,
                    "move": "C:2,2-1,2;1,0",
                    "loser": "Blue",
                    "lossReason": "played into a tie",
                    "losing": "Blue",
                    "children": []
                }
            ]
        },
        {
            "board": [
                [
                    " ",
                    " ",
                    " "
                ],
                [
                    " ",
                    "B",
                    " "
                ],
                [
                    " ",
                    "B",
                    " "
                ]
            ],
            "turn": 1,
            "move": "C:0,2-1,2;1,0",
            "loser": "Red",
            "lossReason": "were eliminated",
            "losing": "Red",
            "children": []
        },
        {
            "board": [
                [
                    " ",
                    " ",
                    " "
                ],
                [
                    " ",
                    "B",
                    " "
                ],
                [
                    " ",
                    "B",
                    " "
                ]
            ],
            "turn": 1,
            "move": "C:2,2-1,2;1,0",
            "loser": "Red",
            "lossReason": "were eliminated",
            "losing": "Red",
            "children": []
        }
    ]
}